0,2,3,4,5,6,7,8,9,-1,		// 0:OK【4.4.0】通常にゃんこガチャ(青玉能力)ALLセット（2.0より実装）
0,2,3,4,5,6,7,8,9,-1,		// 1:OK【4.4.0】『アイテム入り』にゃんこガチャ(青玉能力)
-1,				// 2:OK【4.4.0】『アイテムのみ』にゃんこガチャ(青玉能力)
-1,				// 3:OK【5.1.0】『マタタビ入り』アイテムチャ
-1,				// 4:NG【5.1.0】『ネコビタン入り』アイテムガチャ
-1,				// 5:OK【5.1.0】『キャッツアイ入り』アイテムガチャ
-1,				// 6:OK【7.1.0】にゃんこ福引2018年6月
-1,				// 7:OK【7.1.0】にゃんこ福引Ｇ2018年6月
-1,				// 8:OK【7.3.0】にゃんこ福引※2018年サマーレッスン用
-1,				// 9:OK【7.2.0】にゃんこ福引Ｇ2018年7月
-1,				//10:OK【7.2.0】にゃんこ福引2018年受験
-1,				//11:OK【7.3.0】にゃんこ福引Ｇ2018年8月
-1,				//12:OK【7.3.0】にゃんこ福引Ｇ2018年9月
-1,				//13:OK【7.4.0】にゃんこ福引Ｇ2018年10月
-1,				//14:OK【7.4.0】にゃんこ福引Ｇ2018年11月
-1,				//15:OK【7.4.0】にゃんこ福引※2018年銀週間
-1,				//16:OK【7.5.0】にゃんこ福引Ｇ2018年12月
-1,				//17:OK【7.5.0】にゃんこ福引※2018年文化祭
-1,				//18:OK【8.0.0】にゃんこ福引Ｇ2019年1月
-1,				//19:OK【8.1.0】にゃんこ福引Ｇ2019年2月
-1,				//20:OK【8.1.0】にゃんこ福引※2019年雪まつり
-1,				//21:OK【8.2.0】にゃんこ福引Ｇ2019年3月
-1,				//22:OK【8.2.0】にゃんこ福引※2019年受験大戦争
-1,				//23:OK【8.3.0】にゃんこ福引Ｇ2019年4月
-1,				//24:OK【8.4.0】にゃんこ福引Ｇ2019年5月
-1,				//25:OK【8.5.0】にゃんこ福引※2019年黄金週間
-1,				//26:OK【8.5.0】にゃんこ福引※2019年梅雨
-1,				//27:OK【8.5.0】にゃんこ福引Ｇ2019年6月
-1,				//28:OK【8.6.0】にゃんこ福引Ｇ2019年7月
-1,				//29:OK【8.6.0】にゃんこ福引Ｇ2019年8月
-1,				//30:OK【8.7.0】にゃんこ福引※2019年サマーレッスン
-1,				//31:OK【8.8.0】にゃんこ福引※2019年銀週間
-1,				//32:OK【8.8.0】にゃんこ福引Ｇ2019年9月
-1,				//33:OK【8.8.0】にゃんこ福引Ｇ2019年10月
-1,				//34:OK【8.10.0】にゃんこ福引Ｇ2019年11月
-1,				//35:OK【8.10.0】にゃんこ福引Ｇ2019年12月
-1,				//36:OK【8.10.0】にゃんこ福引※2019年文化祭
-1,				//37:OK【9.1.0】にゃんこ福引Ｇ2020年1月
-1,				//38:OK【9.1.0】にゃんこ福引Ｇ2020年2月
-1,				//39:OK【9.1.0】にゃんこ福引※2020年雪まつり
-1,				//40:OK【9.2.0】にゃんこ福引※2020年受験大戦争
-1,				//41:OK【9.3.0】にゃんこ福引Ｇ2020年3月
-1,				//42:OK【9.3.0】にゃんこ福引Ｇ2020年4月
-1,				//43:OK【9.4.0】にゃんこ福引Ｇ2020年5月
-1,				//44:OK【9.5.0】にゃんこ福引Ｇ2020年6月
-1,				//45:OK【9.5.0】にゃんこ福引※2020年黄金週間
-1,				//46:OK【9.6.0】にゃんこ福引Ｇ2020年7月
-1,				//47:OK【9.6.0】にゃんこ福引※2020年梅雨
-1,				//48:OK【9.7.0】にゃんこ福引Ｇ2020年8月
-1,				//49:OK【9.7.0】にゃんこ福引Ｇ2020年サマーレッスン
-1,				//50:OK【9.8.0】にゃんこ福引Ｇ2020年9月
-1,				//51:OK【9.8.0】にゃんこ福引Ｇ2020年銀週間
-1,				//52:OK【9.9.0】にゃんこ福引Ｇ2020年10月
-1,				//53:OK【9.10.0】にゃんこ福引Ｇ2020年11月
-1,				//54:OK【9.10.0】にゃんこ福引Ｇ2020年文化祭
-1,				//55:OK【10.0.0】にゃんこ福引Ｇ2020年12月
-1,	//56セット(能力)
-1,	//57セット(能力)
-1,	//58セット(能力)
-1,	//59セット(能力)
-1,	//60セット(能力)
-1,	//61セット(能力)
-1,	//62セット(能力)
-1,	//63セット(能力)
-1,	//64セット(能力)
-1,	//65セット(能力)
-1,	//66セット(能力)
-1,	//67セット(能力)
-1,	//68セット(能力)
-1,	//69セット(能力)
-1,	//70セット(能力)
-1,	//71セット(能力)
-1,	//72セット(能力)
-1,	//73セット(能力)
-1,	//74セット(能力)
-1,	//75セット(能力)
-1,	//76セット(能力)
-1,	//77セット(能力)
-1,	//78セット(能力)
-1,	//79セット(能力)
-1,	//80セット(能力)
-1,	//81セット(能力)
-1,	//82セット(能力)
-1,	//83セット(能力)
-1,	//84セット(能力)
-1,	//85セット(能力)
-1,	//86セット(能力)
-1,	//87セット(能力)
-1,	//88セット(能力)
-1,	//89セット(能力)
-1,	//90セット(能力)
-1,	//91セット(能力)
-1,	//92セット(能力)
-1,	//93セット(能力)
-1,	//94セット(能力)
-1,	//95セット(能力)
-1,	//96セット(能力)
-1,	//97セット(能力)
-1,	//98セット(能力)
-1,	//99セット(能力)
-1,	//100セット(能力)

(能力)
※キャラデータの後ろにつきます！！
XPで回すガチャ	ノーマルガチャチケット
-1の後は自動的に-1がすべて入る。(-1は存在しないと意味です。)
0:にゃんこ砲		破壊力
※1:にゃんこ砲		射程(無しなので出ないので注意)
2:にゃんこ砲		チャージ
3:働きネコ仕事効率
4:働きネコお財布
5:お城体力
6:研究力
7:会計力
8:勉強力
9:統率力
									